Delivery_Status,order_count,avg_review_score
On Time,88649,4.294150561050117
Late,3615,3.461182735426009
Super Late,4212,1.7868832437713726
